{
    "c, component cast": 0.6551724137931034, 
    "c, component enum()": 3.611111111111111, 
    "c, component i32()": 3.611111111111111, 
    "c, component string100()": 3.875, 
    "c, component string3()": 3.5454545454545454, 
    "c, component throw": 9.164883268482491, 
    "c, component void()": 3.6315789473684212, 
    "c, component void(i32)": 3.5789473684210527, 
    "c, component void(string100)": 3.944444444444444, 
    "c, component void(string3)": 3.7777777777777777, 
    "c, proxy cast": 3.3448275862068964, 
    "c, proxy enum()": 2.5555555555555554, 
    "c, proxy i32()": 3.4444444444444446, 
    "c, proxy string100()": 5.5, 
    "c, proxy string3()": 4.7727272727272725, 
    "c, proxy throw": 8.086575875486382, 
    "c, proxy void()": 2.578947368421053, 
    "c, proxy void(i32)": 3.1578947368421053, 
    "c, proxy void(string100)": 32.22222222222222, 
    "c, proxy void(string3)": 25.555555555555554, 
    "cpp, component cast": 3.310344827586207, 
    "cpp, component enum()": 2.7222222222222223, 
    "cpp, component i32()": 2.888888888888889, 
    "cpp, component string100()": 7.222222222222222, 
    "cpp, component string3()": 5.055555555555555, 
    "cpp, component throw": 11.236381322957198, 
    "cpp, component void()": 2.578947368421053, 
    "cpp, component void(i32)": 2.7222222222222223, 
    "cpp, component void(string100)": 37.77777777777778, 
    "cpp, component void(string3)": 25.0, 
    "cpp, proxy cast": 3.3793103448275863, 
    "cpp, proxy enum()": 2.5555555555555554, 
    "cpp, proxy i32()": 3.0555555555555554, 
    "cpp, proxy string100()": 9.38888888888889, 
    "cpp, proxy string3()": 6.666666666666667, 
    "cpp, proxy throw": 12.51215953307393, 
    "cpp, proxy void()": 2.6315789473684212, 
    "cpp, proxy void(i32)": 2.888888888888889, 
    "cpp, proxy void(string100)": 37.22222222222222, 
    "cpp, proxy void(string3)": 25.555555555555554, 
    "java, component cast": 45.666666666666664, 
    "java, component enum()": 123.33333333333333, 
    "java, component i32()": 77.22222222222221, 
    "java, component string100()": 34.22222222222222, 
    "java, component string3()": 21.0, 
    "java, component throw": 84.16666666666667, 
    "java, component void()": 39.5, 
    "java, component void(i32)": 43.0, 
    "java, component void(string100)": 166.36363636363635, 
    "java, component void(string3)": 177.0, 
    "java, proxy cast": 18.533333333333335, 
    "java, proxy enum()": 117.77777777777777, 
    "java, proxy i32()": 62.77777777777778, 
    "java, proxy string100()": 27.5, 
    "java, proxy string3()": 13.0, 
    "java, proxy throw": 68.6875, 
    "java, proxy void()": 9.5, 
    "java, proxy void(i32)": 25.0, 
    "java, proxy void(string100)": 179.54545454545453, 
    "java, proxy void(string3)": 95.0, 
    "python, component cast": 100.82758620689656, 
    "python, component enum()": 519.4444444444445, 
    "python, component i32()": 1.1261261261261262, 
    "python, component string100()": 2.4594594594594597, 
    "python, component string3()": 2.168141592920354, 
    "python, component throw": 125.81318681318682, 
    "python, component void()": 0.9910714285714286, 
    "python, component void(i32)": 1.2393162393162394, 
    "python, component void(string100)": 1.8803418803418803, 
    "python, component void(string3)": 1.7435897435897436, 
    "python, proxy cast": 40.0, 
    "python, proxy enum()": 734.4444444444445, 
    "python, proxy i32()": 1.7567567567567568, 
    "python, proxy string100()": 3.4864864864864864, 
    "python, proxy string3()": 3.0353982300884956, 
    "python, proxy throw": 67.25274725274726, 
    "python, proxy void()": 1.6517857142857142, 
    "python, proxy void(i32)": 1.7863247863247864, 
    "python, proxy void(string100)": 2.5982905982905984, 
    "python, proxy void(string3)": 2.572649572649573, 
    "vs swig, java, component i32()": 0.8433734939759037, 
    "vs swig, java, component string100()": 1.0218579234972678, 
    "vs swig, java, component string3()": 1.0396600566572238, 
    "vs swig, java, component void()": 0.47560975609756095, 
    "vs swig, java, component void(i32)": 0.5029239766081871, 
    "vs swig, java, component void(string100)": 0.32855778414517667, 
    "vs swig, java, component void(string3)": 0.8004750593824228, 
    "vs swig, java, proxy i32()": 0.5421686746987951, 
    "vs swig, java, proxy string100()": 0.7741347905282332, 
    "vs swig, java, proxy string3()": 0.6317280453257791, 
    "vs swig, java, proxy void()": 0.10975609756097561, 
    "vs swig, java, proxy void(i32)": 0.29239766081871343, 
    "vs swig, java, proxy void(string100)": 0.34861509073543456, 
    "vs swig, java, proxy void(string3)": 0.4489311163895487, 
    "vs swig, python, component i32()": 0.41946308724832215, 
    "vs swig, python, component string100()": 0.5747368421052632, 
    "vs swig, python, component string3()": 0.532608695652174, 
    "vs swig, python, component void()": 0.378839590443686, 
    "vs swig, python, component void(i32)": 0.4434250764525994, 
    "vs swig, python, component void(string100)": 0.5513784461152882, 
    "vs swig, python, component void(string3)": 0.5257731958762887, 
    "vs swig, python, proxy i32()": 0.6543624161073825, 
    "vs swig, python, proxy string100()": 0.8147368421052632, 
    "vs swig, python, proxy string3()": 0.7456521739130435, 
    "vs swig, python, proxy void()": 0.6313993174061433, 
    "vs swig, python, proxy void(i32)": 0.6391437308868502, 
    "vs swig, python, proxy void(string100)": 0.7619047619047619, 
    "vs swig, python, proxy void(string3)": 0.7757731958762887
}