{
    "c, component cast": 0.6551724137931034, 
    "c, component enum()": 3.4210526315789473, 
    "c, component i32()": 3.611111111111111, 
    "c, component string100()": 3.68, 
    "c, component string3()": 3.5454545454545454, 
    "c, component throw": 9.191694833413809, 
    "c, component void()": 3.6666666666666665, 
    "c, component void(i32)": 3.4210526315789473, 
    "c, component void(string100)": 3.944444444444444, 
    "c, component void(string3)": 3.5789473684210527, 
    "c, proxy cast": 3.3448275862068964, 
    "c, proxy enum()": 2.4210526315789473, 
    "c, proxy i32()": 3.4444444444444446, 
    "c, proxy string100()": 5.24, 
    "c, proxy string3()": 4.818181818181818, 
    "c, proxy throw": 8.1323032351521, 
    "c, proxy void()": 2.7222222222222223, 
    "c, proxy void(i32)": 3.105263157894737, 
    "c, proxy void(string100)": 32.77777777777778, 
    "c, proxy void(string3)": 24.210526315789476, 
    "cpp, component cast": 3.3448275862068964, 
    "cpp, component enum()": 2.7222222222222223, 
    "cpp, component i32()": 2.736842105263158, 
    "cpp, component string100()": 1.9230769230769231, 
    "cpp, component string3()": 2.3, 
    "cpp, component throw": 11.052631578947368, 
    "cpp, component void()": 2.578947368421053, 
    "cpp, component void(i32)": 2.7222222222222223, 
    "cpp, component void(string100)": 34.21052631578947, 
    "cpp, component void(string3)": 25.0, 
    "cpp, proxy cast": 3.3793103448275863, 
    "cpp, proxy enum()": 2.611111111111111, 
    "cpp, proxy i32()": 2.9473684210526314, 
    "cpp, proxy string100()": 2.6153846153846154, 
    "cpp, proxy string3()": 2.925, 
    "cpp, proxy throw": 12.221149203283439, 
    "cpp, proxy void()": 2.6315789473684212, 
    "cpp, proxy void(i32)": 2.888888888888889, 
    "cpp, proxy void(string100)": 36.8421052631579, 
    "cpp, proxy void(string3)": 25.555555555555554, 
    "java, component cast": 45.89655172413793, 
    "java, component enum()": 123.88888888888889, 
    "java, component i32()": 12.818181818181818, 
    "java, component string100()": 1861.2903225806451, 
    "java, component string3()": 1167.741935483871, 
    "java, component throw": 82.75844155844156, 
    "java, component void()": 7.2727272727272725, 
    "java, component void(i32)": 7.909090909090909, 
    "java, component void(string100)": 32.0, 
    "java, component void(string3)": 17.363636363636363, 
    "java, proxy cast": 40.96551724137931, 
    "java, proxy enum()": 118.88888888888889, 
    "java, proxy i32()": 8.090909090909092, 
    "java, proxy string100()": 1361.2903225806451, 
    "java, proxy string3()": 758.0645161290323, 
    "java, proxy throw": 65.0961038961039, 
    "java, proxy void()": 1.6363636363636365, 
    "java, proxy void(i32)": 4.545454545454546, 
    "java, proxy void(string100)": 31.727272727272727, 
    "java, proxy void(string3)": 17.272727272727273, 
    "python, component cast": 103.03448275862068, 
    "python, component enum()": 519.4444444444445, 
    "python, component i32()": 1.0973451327433628, 
    "python, component string100()": 2.4774774774774775, 
    "python, component string3()": 2.1785714285714284, 
    "python, component throw": 123.4290909090909, 
    "python, component void()": 1.0, 
    "python, component void(i32)": 1.228813559322034, 
    "python, component void(string100)": 1.8879310344827587, 
    "python, component void(string3)": 1.7521367521367521, 
    "python, proxy cast": 39.758620689655174, 
    "python, proxy enum()": 735.5555555555555, 
    "python, proxy i32()": 1.7256637168141593, 
    "python, proxy string100()": 3.3783783783783785, 
    "python, proxy string3()": 3.0625, 
    "python, proxy throw": 67.0909090909091, 
    "python, proxy void()": 1.6576576576576576, 
    "python, proxy void(i32)": 1.7542372881355932, 
    "python, proxy void(string100)": 2.6379310344827585, 
    "python, proxy void(string3)": 2.58974358974359, 
    "vs swig, java, component i32()": 0.844311377245509, 
    "vs swig, java, component string100()": 1.0340501792114696, 
    "vs swig, java, component string3()": 1.0168539325842696, 
    "vs swig, java, component void()": 0.47904191616766467, 
    "vs swig, java, component void(i32)": 0.5117647058823529, 
    "vs swig, java, component void(string100)": 0.2995744680851064, 
    "vs swig, java, component void(string3)": 0.4216335540838852, 
    "vs swig, java, proxy i32()": 0.5329341317365269, 
    "vs swig, java, proxy string100()": 0.7562724014336918, 
    "vs swig, java, proxy string3()": 0.6601123595505618, 
    "vs swig, java, proxy void()": 0.10778443113772455, 
    "vs swig, java, proxy void(i32)": 0.29411764705882354, 
    "vs swig, java, proxy void(string100)": 0.2970212765957447, 
    "vs swig, java, proxy void(string3)": 0.4194260485651214, 
    "vs swig, python, component i32()": 0.40924092409240925, 
    "vs swig, python, component string100()": 0.5765199161425576, 
    "vs swig, python, component string3()": 0.5350877192982456, 
    "vs swig, python, component void()": 0.3801369863013699, 
    "vs swig, python, component void(i32)": 0.4393939393939394, 
    "vs swig, python, component void(string100)": 0.5544303797468354, 
    "vs swig, python, component void(string3)": 0.5297157622739018, 
    "vs swig, python, proxy i32()": 0.6435643564356436, 
    "vs swig, python, proxy string100()": 0.7861635220125787, 
    "vs swig, python, proxy string3()": 0.7521929824561403, 
    "vs swig, python, proxy void()": 0.6301369863013698, 
    "vs swig, python, proxy void(i32)": 0.6272727272727273, 
    "vs swig, python, proxy void(string100)": 0.7746835443037975, 
    "vs swig, python, proxy void(string3)": 0.7829457364341085
}